{
    "accuracy": 0.97,
    "precision": 0.9709677419354839,
    "recall": 0.9709677419354839,
    "f1": 0.9709677419354839,
    "auc": 0.9908342602892102,
    "confusion_matrix": [
        [
            281,
            9
        ],
        [
            9,
            301
        ]
    ],
    "test_samples": 600
}