{
    "hard": {
        "accuracy": 0.9683333333333334,
        "precision": 0.9770491803278688,
        "recall": 0.9612903225806452,
        "f1": 0.9691056910569106,
        "auc": 0.9931256952169077
    },
    "soft": {
        "accuracy": 0.965,
        "precision": 0.9706840390879479,
        "recall": 0.9612903225806452,
        "f1": 0.965964343598055,
        "auc": 0.9931256952169077
    },
    "weighted_soft": {
        "accuracy": 0.965,
        "precision": 0.9706840390879479,
        "recall": 0.9612903225806452,
        "f1": 0.965964343598055,
        "auc": 0.9931256952169077
    },
    "confidence_weighted": {
        "accuracy": 0.9666666666666667,
        "precision": 0.9738562091503268,
        "recall": 0.9612903225806452,
        "f1": 0.9675324675324676,
        "auc": 0.9931256952169077
    }
}